2.41,adviceanimals    
2.40,tifu    
2.39,showerthoughts    
2.30,ama    
2.29,doesanybodyelse    
2.26,lifeprotips    
2.26,askmen    
2.22,nostupidquestions    
2.22,askwomen    
2.21,casualconversation    
2.20,iama    
2.19,twoxchromosomes    
2.19,gifs    
2.16,wouldyourather    
2.15,tooafraidtoask    
2.14,casualiama    
2.14,todayilearned    
2.13,askouija    
2.13,shittysuperpowers    
2.13,explainlikeimfive    
2.12,youshouldknow    
2.11,writingprompts    
2.11,pics    