99.50,finanzen    
68.42,germany    
65.84,ich_iel    
57.85,mauerstrassenwetten    
29.63,austria    
14.45,askeurope    
11.98,europe    
8.95,shitamericanssay    
8.06,brexit    
7.83,aoe2    
7.55,electricvehicles    
7.44,propagandaposters    
7.37,linux_gaming    
6.43,polandball    
5.78,anime_titties    
5.38,programmerhumor    
5.37,linux    
5.18,starcraft    
4.86,vegancirclejerk    
4.69,firefox    
4.59,completeanarchy    
4.48,eurovision    
4.44,programming    
4.44,globaloffensive    