19.87,askeurope    
16.71,europe    
12.31,languagelearning    
12.07,shitamericanssay    
11.77,eurovision    
11.25,linux_gaming    
9.71,brexit    
9.42,berserk    
8.33,math    
7.17,vexillology    
6.37,geopolitics    
6.15,solotravel    
5.97,crusaderkings    
5.94,gwent    
5.91,mapporn    
5.86,askbalkans    
5.84,flightsim    
5.57,justunsubbed    
5.56,tnomod    
5.50,linux    
5.46,propagandaposters    
5.34,polcompball    
5.21,askelectronics    
5.16,buttcoin    