112.45, solotravel    
16.29,earthporn    
15.01,photography    
12.76,camping    
11.12,vandwellers    
10.26,weddingplanning    
9.91,asklosangeles    
9.65,skiing    
8.82,realestateinvesting    
8.67,london    
8.61,itookapicture    
8.49,tax    
7.53,breadit    
7.50,personalfinance    
7.28,financialindependence    
7.09,askeurope    
7.06,britishcolumbia    
6.94,washingtondc    
6.86,buyitforlife    
6.68,losangeles    
6.31,cooking    
6.21,urbanhell    
5.97,legaladviceuk    
5.93,analog    