73.73,labouruk    
60.51,badunitedkingdom    
50.97,unitedkingdom    
47.05,brexit    
44.73,scotland    
39.21,coronavirusuk    
32.20,ukpersonalfinance    
31.73,london    
28.79,greenandpleasant    
25.68,askuk    
21.98,northernireland    
21.85,legaladviceuk    
21.73,britishproblems    
20.77,casualuk    
20.40,rugbyunion    
10.56,europe    
8.24,premierleague    
7.10,reddevils    
6.98,liverpoolfc    
6.80,ireland    
6.56,soccer    
6.53,geopolitics    
6.34,fantasypl    
6.28,gunners    