eng,local,wiki,col,pop
Paris,Paris,Paris,Paris,9591
London,London,London,London,8256
Madrid,Madrid,Madrid,Madrid,4955
Berlin,Berlin,Berlin,Berlin,3776
Milan,Milano,Milan,Milan_merged,3698
Barcelona,Barcelona,Barcelona,Barcelona,3659
Athens,Athinia,Athens,Athens_merged,3331
Rome,Roma,Rome,Roma_merged,2532
Birmingham,Birmingham,Birmingham,Birmingham,2363
Lisbon,Lisboa,Lisbon,Lisboa_merged,2315
Naples,Napoli,Naples,Naples_merged,2308
Katowice,Katowice,Katowice,Katowice,2279
Manchester,Manchester,Manchester,Manchester,2207
Hamburg,Hamburg,Hamburg,Hamburg,2123
Budapest,Budapest,Budapest,Budapest,2123
Bucharest,Bucuresti,Bucharest,Bucuresti_merged,2064
Warsaw,Warszawa,Warsaw,Warsaw_merged,2004
Stuttgart,Stuttgart,Stuttgart,Stuttgart,1735
Vienna,Wien,Vienna,Vienna_merged,1674
Munich,München,Munich,Munich_merged,1647
Brussels,Brussels,Brussels,Brussels,1498
Stockholm,Stockholm,Stockholm,Stockholm,1479
Frankfurt am Main,Frankfurt am Main,Frankfurt am Main,Frankfurt am Main,1462
Cologne,Köln,Cologne,Cologne_merged,1398
Copenhagen,Kobenhavn,Copenhagen,Copenhagen_merged,1360
Valencia,Valencia,Valencia,Valencia,1318
Turin,Torino,Turin,Torino_merged,1309
Glasgow,Glasgow,Glasgow,Glasgow,1228
Lyon,Lyon,Lyon,Lyon,1175
Prague,Praha,Prague,Prague_merged,1175
Sofia,Sofia,Sofia,Sofia,1174
Liverpool,Liverpool,Liverpool,Liverpool,1170
Porto,Porto,Porto,Porto,1163
Seville,Sevilla,Seville,Sevilla_merged,1082
Dublin,Dublin,Dublin,Dublin,1070
Helsinki,Helsinki,Helsinki,Helsinki,1065
Amsterdam,Amsterdam,Amsterdam,Amsterdam,1052
Rotterdam,Rotterdam,Rotterdam,Rotterdam,1025
Düsseldorf,Düsseldorf,Düsseldorf,Düsseldorf,1016
Essen-Oberhausen,Essen-Oberhausen,Oberhausen,,986
Lille,Lille,Lille,,953
Lodz,Lodz,Lodz,,919
Marseille,Marseille,Marseille,,862
Antwerp,Antwerp,Antwerp,,830
Bilbao,Bilbao,Bilbao,,822
Newcastle,Newcastle,Newcastle,,814
Krakow,Krakow,Krakow,,807
Bochum-Herne,Bochum-Herne,"Herne,_North_Rhine-Westphalia",,804
Thessaloniki,Thessaloniki,Thessaloniki,,777
Nuremberg,Nürnberg,Nuremberg,,769
Riga,Riga,Riga,,764
Duisburg,Duisburg,Duisburg,,758
Dortmund,Dortmund,Dortmund,,750
Hanover,Hannover,Hanover,,747
Zürich,Zürich,Zürich,,718
Oslo,Oslo,Oslo,,712
Bremen,Bremen,Bremen,,709
Dresden,Dresden,Dresden,,697
Sheffield,Sheffield,Sheffield,,693
Palermo,Palermo,Palermo,,680
Poznan,Poznan,Poznan,,679
Gelsenkirchen-Bottrop,Gelsenkirchen-Bottrop,Bottrop,,666
Bordeaux,Bordeaux,Bordeaux,,652
Wroclaw,Wroclaw,Wroclaw,,634
Gothenburg,Göteborg,Gothenburg,,627
Zaragoza,Zaragoza,Zaragoza,,615
Genoa,Genova,Genoa,,611
Catania,Catania,Catania,,602
The Hague,Den Haag,The Hague,,589
Toulouse,Toulouse,Toulouse,,588
Bristol,Bristol,Bristol,,568
Vilnius,Vilnius,Vilnius,,554
Saarbrücken,Saarbrücken,Saarbrücken,,552
Malaga,Malaga,Malaga,,543
Nantes,Nantes,Nantes,,536
Leeds,Leeds,Leeds,,534
Nottingham,Nottingham,Nottingham,,532
Florence,Firenze,Florence,,525
Gdansk,Gdansk,Gdansk,,519
Leipzig,Leipzig,Leipzig,,516
Mannheim,Mannheim,Mannheim,,508
Belfast,Belfast,Belfast,,501
Portsmouth,Portsmouth,Portsmouth,,500
Venice,Venezia,Venice,,483
Edinburgh,Edinburgh,Edinburgh,,478
Murcia,Murcia,Murcia,,476
Nice,Nice,Nice,,472
Liège,Liège,Liège,,451
Bratislava,Bratislava,Bratislava,,444
Leicester,Leicester,Leicester,,442
Karlsruhe,Karlsruhe,Karlsruhe,,440
Bergamo,Bergamo,Bergamo,,438
Palma de Mallorca,Palma de Mallorca,Palma de Mallorca,,433
Bologna,Bologna,Bologna,,432
Rouen,Rouen,Rouen,,419
Bielefeld,Bielefeld,Bielefeld,,419
Strasbourg,Strasbourg,Strasbourg,,417
Tallinn,Tallinn,Tallinn,,416
Szczecin,Szczecin,Szczecin,,416
Grenoble,Grenoble,Grenoble,,415
Bari,Bari,Bari,,411
Toulon,Toulon,Toulon,,410
Brighton,Brighton,Brighton,,410
Darmstadt,Darmstadt,Darmstadt,,407
Wuppertal,Wüppertal,Wuppertal,,395
Utrecht,Utrecht,Utrecht,,390
Bournemouth,Bournemouth,Bournemouth,,390
Middlesbrough,Middlesbrough,Middlesbrough,,389
Geneva,Genève,Geneva,,388
Bydgoszcz,Bydgoszcz,Bydgoszcz,,383
Basel,Basel,Basel,,381
Kaunas,Kaunas,Kaunas,,379
Southampton,Southampton,Southampton,,376
Brno,Brno,Brno,,376
Lens,Lens,Lens,,374
Augsburg,Augsburg,Augsburg,,371
Padova,Padova,Padova,,370
Ostrava,Ostrava,Ostrava,,365
Las Palmas,Las Palmas de Gran Canarias,Las Palmas,,365
Constanta,Constanta,Constanta,,364
Castellamare di Stabia-Torre Annunziata,Castellamare di Stabia-Torre Annunziata,Torre_Annunziata,,362
Stoke,Stoke,Stoke,,359
Santa Cruz de Tenerife,Santa Cruz de Tenerife,Santa Cruz de Tenerife,,357
Lublin,Lublin,Lublin,,354
Cardiff,Cardiff,Cardiff,,353
Iasi,Iasi,Iasi,,349
Plovdiv,Plovdiv,Plovdiv,,341
Bradford,Bradford,Bradford,,341
Alicante,Alicanta,Alicante,,339
Cluj-Napoca,Cluj-Napoca,Cluj-Napoca,,332
Granada,Granada,Granada,,330
Timisoara,Timisoara,Timisoara,,328
Brescia,Brescia,Brescia,,327
Galati,Galati,Galati,,325
Montpellier,Montpellier,Montpellier,,323
Varna,Varna,Varna,,322
Verona,Verona,Verona,,320
Busto Arsizio,Busto Arsizio,Busto Arsizio,,320
Valladolid,Valladolid,Valladolid,,318
Eindhoven,Eindhoven,Eindhoven,,316
Charleroi,Charleroi,Charleroi,,314
Cordoba,Cordoba,Cordoba,,314
Craiova,Craiova,Craiova,,311
A Coruna,La Coruna,A Coruna,,311
Caserta,Caserta,Caserta,,308
Coventry,Coventry,Coventry,,308
Brasov,Brasov,Brasov,,307
Bonn,Bonn,Bonn,,306
Valletta,Valletta,Valletta,,301
Ghent,Gent,Ghent,,300
Brasov,Gdynia,Brasov,,300
